Country,Amount
United Kingdom,28475.55
Norway,1919.1399999999999
France,855.86
EIRE,555.38
Australia,358.25
Germany,261.48
Netherlands,192.60000000000002
